observation_date,DEXUSNZ
2016-06-06,0.6931
2016-06-07,0.6981
2016-06-08,0.7024
2016-06-09,0.7133
2016-06-10,0.7069
2016-06-13,0.7064
2016-06-14,0.7003
2016-06-15,0.7028
2016-06-16,0.6996
2016-06-17,0.7056
2016-06-20,0.7109
2016-06-21,0.7138
2016-06-22,0.7165
2016-06-23,0.7242
2016-06-24,0.7109
2016-06-27,0.7020
2016-06-28,0.7031
2016-06-29,0.7121
2016-06-30,0.7120
2016-07-01,0.7167
2016-07-04,
2016-07-05,0.7147
2016-07-06,0.7130
2016-07-07,0.7213
2016-07-08,0.7293
2016-07-11,0.7222
2016-07-12,0.7304
2016-07-13,0.7303
2016-07-14,0.7199
2016-07-15,0.7133
2016-07-18,0.7117
2016-07-19,0.7049
2016-07-20,0.7033
2016-07-21,0.6989
2016-07-22,0.6990
2016-07-25,0.6981
2016-07-26,0.7038
2016-07-27,0.7042
2016-07-28,0.7075
2016-07-29,0.7216
2016-08-01,0.7196
2016-08-02,0.7235
2016-08-03,0.7163
2016-08-04,0.7195
2016-08-05,0.7138
2016-08-08,0.7139
2016-08-09,0.7178
2016-08-10,0.7220
2016-08-11,0.7242
2016-08-12,0.7215
2016-08-15,0.7219
2016-08-16,0.7266
2016-08-17,0.7219
2016-08-18,0.7292
2016-08-19,0.7268
2016-08-22,0.7278
2016-08-23,0.7307
2016-08-24,0.7307
2016-08-25,0.7297
2016-08-26,0.7302
2016-08-29,0.7254
2016-08-30,0.7222
2016-08-31,0.7257
2016-09-01,0.7282
2016-09-02,0.7286
2016-09-05,
2016-09-06,0.7407
2016-09-07,0.7451
2016-09-08,0.7406
2016-09-09,0.7336
2016-09-12,0.7321
2016-09-13,0.7262
2016-09-14,0.7304
2016-09-15,0.7308
2016-09-16,0.7271
2016-09-19,0.7317
2016-09-20,0.7323
2016-09-21,0.7328
2016-09-22,0.7315
2016-09-23,0.7235
2016-09-26,0.7280
2016-09-27,0.7294
2016-09-28,0.7254
2016-09-29,0.7285
2016-09-30,0.7290
2016-10-03,0.7263
2016-10-04,0.7246
2016-10-05,0.7173
2016-10-06,0.7161
2016-10-07,0.7119
2016-10-10,
2016-10-11,0.7067
2016-10-12,0.7048
2016-10-13,0.7081
2016-10-14,0.7087
2016-10-17,0.7134
2016-10-18,0.7218
2016-10-19,0.7223
2016-10-20,0.7203
2016-10-21,0.7154
2016-10-24,0.7133
2016-10-25,0.7168
2016-10-26,0.7156
2016-10-27,0.7123
2016-10-28,0.7144
2016-10-31,0.7156
2016-11-01,0.7176
2016-11-02,0.7296
2016-11-03,0.7322
2016-11-04,0.7311
2016-11-07,0.7324
2016-11-08,0.7355
2016-11-09,0.7302
2016-11-10,0.7202
2016-11-11,
2016-11-14,0.7085
2016-11-15,0.7095
2016-11-16,0.7079
2016-11-17,0.7058
2016-11-18,0.7028
2016-11-21,0.7057
2016-11-22,0.7048
2016-11-23,0.7010
2016-11-24,
2016-11-25,0.7045
2016-11-28,0.7063
2016-11-29,0.7119
2016-11-30,0.7081
2016-12-01,0.7072
2016-12-02,0.7139
2016-12-05,0.7134
2016-12-06,0.7113
2016-12-07,0.7160
2016-12-08,0.7168
2016-12-09,0.7139
2016-12-12,0.7189
2016-12-13,0.7204
2016-12-14,0.7228
2016-12-15,0.7015
2016-12-16,0.6981
2016-12-19,0.6949
2016-12-20,0.6921
2016-12-21,0.6902
2016-12-22,0.6909
2016-12-23,0.6870
2016-12-26,
2016-12-27,0.6890
2016-12-28,0.6910
2016-12-29,0.6958
2016-12-30,0.6958
2017-01-02,
2017-01-03,0.6927
2017-01-04,0.6949
2017-01-05,0.7022
2017-01-06,0.6973
2017-01-09,0.7027
2017-01-10,0.6986
2017-01-11,0.7008
2017-01-12,0.7138
2017-01-13,0.7105
2017-01-16,
2017-01-17,0.7183
2017-01-18,0.7178
2017-01-19,0.7171
2017-01-20,
2017-01-23,0.7215
2017-01-24,0.7261
2017-01-25,0.7268
2017-01-26,0.7232
2017-01-27,0.7257
2017-01-30,0.7281
2017-01-31,0.7329
2017-02-01,0.7251
2017-02-02,0.7306
2017-02-03,0.7322
2017-02-06,0.7304
2017-02-07,0.7316
2017-02-08,0.7322
2017-02-09,0.7182
2017-02-10,0.7207
2017-02-13,0.7175
2017-02-14,0.7154
2017-02-15,0.7202
2017-02-16,0.7227
2017-02-17,0.7182
2017-02-20,
2017-02-21,0.7156
2017-02-22,0.7161
2017-02-23,0.7235
2017-02-24,0.7201
2017-02-27,0.7224
2017-02-28,0.7229
2017-03-01,0.7131
2017-03-02,0.7071
2017-03-03,0.7012
2017-03-06,0.6999
2017-03-07,0.6983
2017-03-08,0.6926
2017-03-09,0.6907
2017-03-10,0.6919
2017-03-13,0.6927
2017-03-14,0.6933
2017-03-15,0.6956
2017-03-16,0.6979
2017-03-17,0.7008
2017-03-20,0.7050
2017-03-21,0.7063
2017-03-22,0.7056
2017-03-23,0.7043
2017-03-24,0.7030
2017-03-27,0.7055
2017-03-28,0.7037
2017-03-29,0.7025
2017-03-30,0.7023
2017-03-31,0.7001
2017-04-03,0.6997
2017-04-04,0.6977
2017-04-05,0.6955
2017-04-06,0.6973
2017-04-07,0.6957
2017-04-10,0.6965
2017-04-11,0.6956
2017-04-12,0.6925
2017-04-13,0.7011
2017-04-14,0.7009
2017-04-17,0.7028
2017-04-18,0.7034
2017-04-19,0.7002
2017-04-20,0.7017
2017-04-21,0.7020
2017-04-24,0.7019
2017-04-25,0.6949
2017-04-26,0.6880
2017-04-27,0.6854
2017-04-28,0.6860
2017-05-01,0.6914
2017-05-02,0.6923
2017-05-03,0.6912
2017-05-04,0.6854
2017-05-05,0.6915
2017-05-08,0.6910
2017-05-09,0.6899
2017-05-10,0.6946
2017-05-11,0.6849
2017-05-12,0.6860
2017-05-15,0.6886
2017-05-16,0.6881
2017-05-17,0.6926
2017-05-18,0.6916
2017-05-19,0.6913
2017-05-22,0.6990
2017-05-23,0.7014
2017-05-24,0.7012
2017-05-25,0.7043
2017-05-26,0.7055
2017-05-29,
2017-05-30,0.7095
2017-05-31,0.7100
2017-06-01,0.7064
2017-06-02,0.7141
2017-06-05,0.7141
2017-06-06,0.7201
2017-06-07,0.7196
2017-06-08,0.7219
2017-06-09,0.7207
2017-06-12,0.7206
2017-06-13,0.7221
2017-06-14,0.7303
2017-06-15,0.7209
2017-06-16,0.7252
2017-06-19,0.7244
2017-06-20,0.7239
2017-06-21,0.7214
2017-06-22,0.7265
2017-06-23,0.7294
2017-06-26,0.7303
2017-06-27,0.7278
2017-06-28,0.7308
2017-06-29,0.7290
2017-06-30,0.7322
2017-07-03,0.7299
2017-07-04,
2017-07-05,0.7273
2017-07-06,0.7266
2017-07-07,0.7273
2017-07-10,0.7269
2017-07-11,0.7209
2017-07-12,0.7261
2017-07-13,0.7315
2017-07-14,0.7331
2017-07-17,0.7322
2017-07-18,0.7368
2017-07-19,0.7357
2017-07-20,0.7394
2017-07-21,0.7437
2017-07-24,0.7430
2017-07-25,0.7424
2017-07-26,0.7431
2017-07-27,0.7491
2017-07-28,0.7506
2017-07-31,0.7503
2017-08-01,0.7474
2017-08-02,0.7445
2017-08-03,0.7438
2017-08-04,0.7414
2017-08-07,0.7353
2017-08-08,0.7328
2017-08-09,0.7317
2017-08-10,0.7276
2017-08-11,0.7305
2017-08-14,0.7297
2017-08-15,0.7241
2017-08-16,0.7263
2017-08-17,0.7308
2017-08-18,0.7329
2017-08-21,0.7326
2017-08-22,0.7292
2017-08-23,0.7208
2017-08-24,0.7215
2017-08-25,0.7232
2017-08-28,0.7249
2017-08-29,0.7271
2017-08-30,0.7210
2017-08-31,0.7170
2017-09-01,0.7167
2017-09-04,
2017-09-05,0.7252
2017-09-06,0.7222
2017-09-07,0.7236
2017-09-08,0.7279
2017-09-11,0.7250
2017-09-12,0.7297
2017-09-13,0.7234
2017-09-14,0.7209
2017-09-15,0.7289
2017-09-18,0.7261
2017-09-19,0.7323
2017-09-20,0.7388
2017-09-21,0.7318
2017-09-22,0.7343
2017-09-25,0.7267
2017-09-26,0.7190
2017-09-27,0.7218
2017-09-28,0.7213
2017-09-29,0.7225
2017-10-02,0.7201
2017-10-03,0.7155
2017-10-04,0.7159
2017-10-05,0.7118
2017-10-06,0.7092
2017-10-09,
2017-10-10,0.7077
2017-10-11,0.7077
2017-10-12,0.7126
2017-10-13,0.7186
2017-10-16,0.7181
2017-10-17,0.7167
2017-10-18,0.7138
2017-10-19,0.7024
2017-10-20,0.6959
2017-10-23,0.6975
2017-10-24,0.6896
2017-10-25,0.6871
2017-10-26,0.6860
2017-10-27,0.6871
2017-10-30,0.6869
2017-10-31,0.6850
2017-11-01,0.6896
2017-11-02,0.6922
2017-11-03,0.6909
2017-11-06,0.6914
2017-11-07,0.6900
2017-11-08,0.6921
2017-11-09,0.6952
2017-11-10,
2017-11-13,0.6898
2017-11-14,0.6883
2017-11-15,0.6873
2017-11-16,0.6861
2017-11-17,0.6812
2017-11-20,0.6812
2017-11-21,0.6836
2017-11-22,0.6861
2017-11-23,
2017-11-24,0.6885
2017-11-27,0.6909
2017-11-28,0.6932
2017-11-29,0.6898
2017-11-30,0.6850
2017-12-01,0.6892
2017-12-04,0.6846
2017-12-05,0.6879
2017-12-06,0.6880
2017-12-07,0.6846
2017-12-08,0.6845
2017-12-11,0.6919
2017-12-12,0.6928
2017-12-13,0.6988
2017-12-14,0.6990
2017-12-15,0.7002
2017-12-18,0.7011
2017-12-19,0.6986
2017-12-20,0.6984
2017-12-21,0.7020
2017-12-22,0.7015
2017-12-25,
2017-12-26,0.7034
2017-12-27,0.7069
2017-12-28,0.7089
2017-12-29,0.7100
2018-01-01,
2018-01-02,0.7106
2018-01-03,0.7104
2018-01-04,0.7145
2018-01-05,0.7170
2018-01-08,0.7182
2018-01-09,0.7180
2018-01-10,0.7188
2018-01-11,0.7244
2018-01-12,0.7239
2018-01-15,
2018-01-16,0.7275
2018-01-17,0.7292
2018-01-18,0.7311
2018-01-19,0.7285
2018-01-22,0.7311
2018-01-23,0.7345
2018-01-24,0.7407
2018-01-25,0.7371
2018-01-26,0.7348
2018-01-29,0.7308
2018-01-30,0.7334
2018-01-31,0.7372
2018-02-01,0.7398
2018-02-02,0.7304
2018-02-05,0.7292
2018-02-06,0.7306
2018-02-07,0.7281
2018-02-08,0.7206
2018-02-09,0.7252
2018-02-12,0.7239
2018-02-13,0.7285
2018-02-14,0.7334
2018-02-15,0.7382
2018-02-16,0.7398
2018-02-19,
2018-02-20,0.7356
2018-02-21,0.7339
2018-02-22,0.7349
2018-02-23,0.7291
2018-02-26,0.7309
2018-02-27,0.7243
2018-02-28,0.7227
2018-03-01,0.7250
2018-03-02,0.7234
2018-03-05,0.7232
2018-03-06,0.7304
2018-03-07,0.7265
2018-03-08,0.7260
2018-03-09,0.7295
2018-03-12,0.7293
2018-03-13,0.7344
2018-03-14,0.7329
2018-03-15,0.7289
2018-03-16,0.7217
2018-03-19,0.7228
2018-03-20,0.7195
2018-03-21,0.7180
2018-03-22,0.7220
2018-03-23,0.7254
2018-03-26,0.7295
2018-03-27,0.7288
2018-03-28,0.7243
2018-03-29,0.7220
2018-03-30,0.7239
2018-04-02,0.7218
2018-04-03,0.7260
2018-04-04,0.7297
2018-04-05,0.7272
2018-04-06,0.7273
2018-04-09,0.7320
2018-04-10,0.7364
2018-04-11,0.7369
2018-04-12,0.7375
2018-04-13,0.7351
2018-04-16,0.7361
2018-04-17,0.7339
2018-04-18,0.7328
2018-04-19,0.7280
2018-04-20,0.7211
2018-04-23,0.7155
2018-04-24,0.7112
2018-04-25,0.7063
2018-04-26,0.7066
2018-04-27,0.7070
2018-04-30,0.7043
2018-05-01,0.7007
2018-05-02,0.7004
2018-05-03,0.7028
2018-05-04,0.7017
2018-05-07,0.7027
2018-05-08,0.6964
2018-05-09,0.6986
2018-05-10,0.6946
2018-05-11,0.6970
2018-05-14,0.6936
2018-05-15,0.6877
2018-05-16,0.6895
2018-05-17,0.6877
2018-05-18,0.6912
2018-05-21,0.6930
2018-05-22,0.6941
2018-05-23,0.6895
2018-05-24,0.6918
2018-05-25,0.6922
2018-05-28,
2018-05-29,0.6915
2018-05-30,0.6994
2018-05-31,0.7004
2018-06-01,0.6987
2018-06-04,0.7032
2018-06-05,0.7015
2018-06-06,0.7046
2018-06-07,0.7033
2018-06-08,0.7036
2018-06-11,0.7040
2018-06-12,0.7032
2018-06-13,0.7047
2018-06-14,0.6997
2018-06-15,0.6943
2018-06-18,0.6931
2018-06-19,0.6907
2018-06-20,0.6880
2018-06-21,0.6873
2018-06-22,0.6895
2018-06-25,0.6894
2018-06-26,0.6865
2018-06-27,0.6802
2018-06-28,0.6759
2018-06-29,0.6773
2018-07-02,0.6702
2018-07-03,0.6751
2018-07-04,
2018-07-05,0.6790
2018-07-06,0.6829
2018-07-09,0.6838
2018-07-10,0.6836
2018-07-11,0.6786
2018-07-12,0.6783
2018-07-13,0.6760
2018-07-16,0.6771
2018-07-17,0.6790
2018-07-18,0.6790
2018-07-19,0.6718
2018-07-20,0.6802
2018-07-23,0.6786
2018-07-24,0.6801
2018-07-25,0.6806
2018-07-26,0.6791
2018-07-27,0.6799
2018-07-30,0.6829
2018-07-31,0.6812
2018-08-01,0.6795
2018-08-02,0.6756
2018-08-03,0.6757
2018-08-06,0.6736
2018-08-07,0.6741
2018-08-08,0.6742
2018-08-09,0.6624
2018-08-10,0.6602
2018-08-13,0.6584
2018-08-14,0.6587
2018-08-15,0.6558
2018-08-16,0.6597
2018-08-17,0.6608
2018-08-20,0.6619
2018-08-21,0.6675
2018-08-22,0.6699
2018-08-23,0.6652
2018-08-24,0.6692
2018-08-27,0.6694
2018-08-28,0.6719
2018-08-29,0.6701
2018-08-30,0.6640
2018-08-31,0.6614
2018-09-03,
2018-09-04,0.6548
2018-09-05,0.6581
2018-09-06,0.6596
2018-09-07,0.6549
2018-09-10,0.6537
2018-09-11,0.6512
2018-09-12,0.6554
2018-09-13,0.6563
2018-09-14,0.6563
2018-09-17,0.6585
2018-09-18,0.6590
2018-09-19,0.6620
2018-09-20,0.6674
2018-09-21,0.6679
2018-09-24,0.6652
2018-09-25,0.6651
2018-09-26,0.6657
2018-09-27,0.6624
2018-09-28,0.6635
2018-10-01,0.6613
2018-10-02,0.6606
2018-10-03,0.6541
2018-10-04,0.6489
2018-10-05,0.6439
2018-10-08,
2018-10-09,0.6460
2018-10-10,0.6477
2018-10-11,0.6517
2018-10-12,0.6511
2018-10-15,0.6552
2018-10-16,0.6593
2018-10-17,0.6577
2018-10-18,0.6558
2018-10-19,0.6595
2018-10-22,0.6550
2018-10-23,0.6553
2018-10-24,0.6525
2018-10-25,0.6523
2018-10-26,0.6520
2018-10-29,0.6531
2018-10-30,0.6562
2018-10-31,0.6530
2018-11-01,0.6642
2018-11-02,0.6655
2018-11-05,0.6660
2018-11-06,0.6672
2018-11-07,0.6790
2018-11-08,0.6780
2018-11-09,0.6735
2018-11-12,
2018-11-13,0.6766
2018-11-14,0.6794
2018-11-15,0.6823
2018-11-16,0.6861
2018-11-19,0.6835
2018-11-20,0.6821
2018-11-21,0.6839
2018-11-22,
2018-11-23,0.6774
2018-11-26,0.6785
2018-11-27,0.6777
2018-11-28,0.6797
2018-11-29,0.6857
2018-11-30,0.6880
2018-12-03,0.6933
2018-12-04,0.6938
2018-12-05,
2018-12-06,0.6875
2018-12-07,0.6859
2018-12-10,0.6878
2018-12-11,0.6881
2018-12-12,0.6856
2018-12-13,0.6860
2018-12-14,0.6806
2018-12-17,0.6803
2018-12-18,0.6851
2018-12-19,0.6852
2018-12-20,0.6767
2018-12-21,0.6726
2018-12-24,
2018-12-25,
2018-12-26,0.6745
2018-12-27,0.6698
2018-12-28,0.6704
2018-12-31,0.6711
2019-01-01,
2019-01-02,0.6668
2019-01-03,0.6687
2019-01-04,0.6743
2019-01-07,0.6762
2019-01-08,0.6723
2019-01-09,0.6794
2019-01-10,0.6790
2019-01-11,0.6826
2019-01-14,
2019-01-15,0.6812
2019-01-16,0.6787
2019-01-17,0.6747
2019-01-18,0.6751
2019-01-21,
2019-01-22,0.6729
2019-01-23,0.6789
2019-01-24,0.6768
2019-01-25,0.6839
2019-01-28,0.6834
2019-01-29,0.6830
2019-01-30,0.6837
2019-01-31,0.6923
2019-02-01,0.6907
2019-02-04,0.6882
2019-02-05,0.6891
2019-02-06,0.6843
2019-02-07,0.6757
2019-02-08,0.6755
2019-02-11,0.6732
2019-02-12,0.6740
2019-02-13,0.6817
2019-02-14,0.6829
2019-02-15,0.6856
2019-02-18,
2019-02-19,0.6854
2019-02-20,
2019-02-21,0.6805
2019-02-22,0.6841
2019-02-25,0.6885
2019-02-26,0.6891
2019-02-27,0.6841
2019-02-28,0.6808
2019-03-01,0.6806
2019-03-04,0.6806
2019-03-05,0.6787
2019-03-06,0.6775
2019-03-07,0.6771
2019-03-08,0.6807
2019-03-11,0.6828
2019-03-12,0.6865
2019-03-13,0.6858
2019-03-14,0.6822
2019-03-15,0.6850
2019-03-18,0.6856
2019-03-19,0.6866
2019-03-20,0.6848
2019-03-21,0.6875
2019-03-22,0.6888
2019-03-25,0.6916
2019-03-26,0.6912
2019-03-27,0.6791
2019-03-28,0.6794
2019-03-29,0.6820
2019-04-01,0.6813
2019-04-02,0.6743
2019-04-03,0.6793
2019-04-04,0.6756
2019-04-05,0.6725
2019-04-08,0.6742
2019-04-09,0.6745
2019-04-10,0.6756
2019-04-11,0.6729
2019-04-12,0.6769
2019-04-15,0.6764
2019-04-16,0.6761
2019-04-17,0.6711
2019-04-18,0.6679
2019-04-19,0.6691
2019-04-22,0.6677
2019-04-23,0.6648
2019-04-24,0.6606
2019-04-25,0.6616
2019-04-26,0.6670
2019-04-29,0.6665
2019-04-30,0.6670
2019-05-01,0.6652
2019-05-02,0.6618
2019-05-03,0.6642
2019-05-06,0.6606
2019-05-07,0.6593
2019-05-08,0.6587
2019-05-09,0.6584
2019-05-10,0.6600
2019-05-13,0.6572
2019-05-14,0.6577
2019-05-15,0.6562
2019-05-16,0.6550
2019-05-17,0.6522
2019-05-20,0.6537
2019-05-21,0.6506
2019-05-22,0.6497
2019-05-23,0.6521
2019-05-24,0.6548
2019-05-27,
2019-05-28,0.6549
2019-05-29,0.6511
2019-05-30,0.6507
2019-05-31,0.6525
2019-06-03,0.6575
2019-06-04,0.6597
2019-06-05,0.6624
2019-06-06,0.6639
2019-06-07,0.6664
2019-06-10,0.6615
2019-06-11,0.6581
2019-06-12,0.6580
2019-06-13,0.6565
2019-06-14,0.6502
2019-06-17,0.6504
2019-06-18,0.6528
2019-06-19,0.6525
2019-06-20,0.6584
2019-06-21,0.6572
2019-06-24,0.6620
2019-06-25,0.6655
2019-06-26,0.6692
2019-06-27,0.6699
2019-06-28,0.6711
2019-07-01,0.6675
2019-07-02,0.6674
2019-07-03,0.6709
2019-07-04,
2019-07-05,0.6617
2019-07-08,0.6624
2019-07-09,0.6608
2019-07-10,0.6652
2019-07-11,0.6672
2019-07-12,0.6681
2019-07-15,0.6719
2019-07-16,0.6704
2019-07-17,0.6744
2019-07-18,0.6756
2019-07-19,0.6771
2019-07-22,0.6775
2019-07-23,0.6708
2019-07-24,0.6712
2019-07-25,0.6668
2019-07-26,0.6632
2019-07-29,0.6632
2019-07-30,0.6609
2019-07-31,0.6598
2019-08-01,0.6564
2019-08-02,0.6547
2019-08-05,0.6539
2019-08-06,0.6529
2019-08-07,0.6461
2019-08-08,0.6482
2019-08-09,0.6479
2019-08-12,0.6457
2019-08-13,0.6457
2019-08-14,0.6425
2019-08-15,0.6446
2019-08-16,0.6430
2019-08-19,0.6420
2019-08-20,0.6416
2019-08-21,0.6410
2019-08-22,0.6379
2019-08-23,0.6395
2019-08-26,0.6396
2019-08-27,0.6366
2019-08-28,0.6337
2019-08-29,0.6318
2019-08-30,0.6299
2019-09-02,
2019-09-03,0.6326
2019-09-04,0.6354
2019-09-05,0.6376
2019-09-06,0.6439
2019-09-09,0.6434
2019-09-10,0.6425
2019-09-11,0.6415
2019-09-12,0.6417
2019-09-13,0.6384
2019-09-16,0.6352
2019-09-17,0.6350
2019-09-18,0.6333
2019-09-19,0.6301
2019-09-20,0.6258
2019-09-23,0.6285
2019-09-24,0.6315
2019-09-25,0.6275
2019-09-26,0.6303
2019-09-27,0.6296
2019-09-30,0.6262
2019-10-01,0.6246
2019-10-02,0.6256
2019-10-03,0.6314
2019-10-04,0.6314
2019-10-07,0.6292
2019-10-08,0.6294
2019-10-09,0.6299
2019-10-10,0.6324
2019-10-11,0.6345
2019-10-14,
2019-10-15,0.6284
2019-10-16,0.6276
2019-10-17,0.6352
2019-10-18,0.6373
2019-10-21,0.6392
2019-10-22,0.6409
2019-10-23,0.6418
2019-10-24,0.6378
2019-10-25,0.6363
2019-10-28,0.6345
2019-10-29,0.6358
2019-10-30,0.6368
2019-10-31,0.6414
2019-11-01,0.6445
2019-11-04,0.6416
2019-11-05,0.6377
2019-11-06,0.6370
2019-11-07,0.6351
2019-11-08,0.6333
2019-11-11,
2019-11-12,0.6336
2019-11-13,0.6401
2019-11-14,0.6374
2019-11-15,0.6403
2019-11-18,0.6408
2019-11-19,0.6426
2019-11-20,0.6413
2019-11-21,0.6413
2019-11-22,0.6406
2019-11-25,0.6402
2019-11-26,0.6420
2019-11-27,0.6429
2019-11-28,
2019-11-29,0.6419
2019-12-02,0.6506
2019-12-03,0.6516
2019-12-04,0.6529
2019-12-05,0.6545
2019-12-06,0.6565
2019-12-09,0.6555
2019-12-10,0.6541
2019-12-11,0.6570
2019-12-12,0.6584
2019-12-13,0.6591
2019-12-16,0.6597
2019-12-17,0.6568
2019-12-18,0.6578
2019-12-19,0.6607
2019-12-20,0.6607
2019-12-23,0.6628
2019-12-24,0.6641
2019-12-25,
2019-12-26,0.6666
2019-12-27,0.6703
2019-12-30,0.6736
2019-12-31,0.6745
2020-01-01,
2020-01-02,0.6692
2020-01-03,0.6673
2020-01-06,0.6667
2020-01-07,0.6628
2020-01-08,0.6642
2020-01-09,0.6609
2020-01-10,0.6639
2020-01-13,0.6635
2020-01-14,0.6613
2020-01-15,0.6618
2020-01-16,0.6639
2020-01-17,0.6610
2020-01-20,
2020-01-21,0.6609
2020-01-22,0.6588
2020-01-23,0.6587
2020-01-24,0.6602
2020-01-27,0.6551
2020-01-28,0.6534
2020-01-29,0.6523
2020-01-30,0.6490
2020-01-31,0.6466
2020-02-03,0.6463
2020-02-04,0.6480
2020-02-05,0.6477
2020-02-06,0.6462
2020-02-07,0.6406
2020-02-10,0.6385
2020-02-11,0.6402
2020-02-12,0.6472
2020-02-13,0.6444
2020-02-14,0.6437
2020-02-17,
2020-02-18,0.6394
2020-02-19,0.6380
2020-02-20,0.6339
2020-02-21,0.6351
2020-02-24,0.6347
2020-02-25,0.6326
2020-02-26,0.6299
2020-02-27,0.6319
2020-02-28,0.6232
2020-03-02,0.6253
2020-03-03,0.6306
2020-03-04,0.6278
2020-03-05,0.6303
2020-03-06,0.6356
2020-03-09,0.6409
2020-03-10,0.6261
2020-03-11,0.6309
2020-03-12,0.6095
2020-03-13,0.6052
2020-03-16,0.6119
2020-03-17,0.5940
2020-03-18,0.5778
2020-03-19,0.5824
2020-03-20,0.5739
2020-03-23,0.5669
2020-03-24,0.5794
2020-03-25,0.5810
2020-03-26,0.5962
2020-03-27,0.6022
2020-03-30,0.5991
2020-03-31,0.5959
2020-04-01,0.5944
2020-04-02,0.5909
2020-04-03,0.5856
2020-04-06,0.5950
2020-04-07,0.5984
2020-04-08,0.6017
2020-04-09,0.6066
2020-04-10,0.6082
2020-04-13,0.6085
2020-04-14,0.6080
2020-04-15,0.5997
2020-04-16,0.5947
2020-04-17,0.6034
2020-04-20,0.6075
2020-04-21,0.5954
2020-04-22,0.5949
2020-04-23,0.6026
2020-04-24,0.6003
2020-04-27,0.6054
2020-04-28,0.6063
2020-04-29,0.6104
2020-04-30,0.6150
2020-05-01,0.6053
2020-05-04,0.6028
2020-05-05,0.6065
2020-05-06,0.6019
2020-05-07,0.6086
2020-05-08,0.6147
2020-05-11,0.6065
2020-05-12,0.6102
2020-05-13,0.6009
2020-05-14,0.5972
2020-05-15,0.5929
2020-05-18,0.6038
2020-05-19,0.6104
2020-05-20,0.6146
2020-05-21,0.6113
2020-05-22,0.6092
2020-05-25,
2020-05-26,0.6202
2020-05-27,0.6166
2020-05-28,0.6223
2020-05-29,0.6187
2020-06-01,0.6286
2020-06-02,0.6345
2020-06-03,0.6436
2020-06-04,0.6452
2020-06-05,0.6513
2020-06-08,0.6541
2020-06-09,0.6526
2020-06-10,0.6543
2020-06-11,0.6460
2020-06-12,0.6431
2020-06-15,0.6436
2020-06-16,0.6451
2020-06-17,0.6462
2020-06-18,0.6428
2020-06-19,0.6422
2020-06-22,0.6485
2020-06-23,0.6515
2020-06-24,0.6416
2020-06-25,0.6425
2020-06-26,0.6418
2020-06-29,0.6408
2020-06-30,0.6446
2020-07-01,0.6474
2020-07-02,0.6513
2020-07-03,
2020-07-06,0.6543
2020-07-07,0.6567
2020-07-08,0.6564
2020-07-09,0.6563
2020-07-10,0.6581
2020-07-13,0.6580
2020-07-14,0.6532
2020-07-15,0.6567
2020-07-16,0.6567
2020-07-17,0.6551
2020-07-20,0.6570
2020-07-21,0.6629
2020-07-22,0.6668
2020-07-23,0.6659
2020-07-24,0.6633
2020-07-27,0.6683
2020-07-28,0.6663
2020-07-29,0.6655
2020-07-30,0.6641
2020-07-31,0.6644
2020-08-03,0.6600
2020-08-04,0.6611
2020-08-05,0.6662
2020-08-06,0.6661
2020-08-07,0.6607
2020-08-10,0.6592
2020-08-11,0.6576
2020-08-12,0.6587
2020-08-13,0.6557
2020-08-14,0.6554
2020-08-17,0.6547
2020-08-18,0.6588
2020-08-19,0.6607
2020-08-20,0.6519
2020-08-21,0.6533
2020-08-24,0.6536
2020-08-25,0.6530
2020-08-26,0.6600
2020-08-27,0.6641
2020-08-28,0.6741
2020-08-31,0.6753
2020-09-01,0.6766
2020-09-02,0.6757
2020-09-03,0.6707
2020-09-04,0.6702
2020-09-07,
2020-09-08,0.6632
2020-09-09,0.6678
2020-09-10,0.6667
2020-09-11,0.6667
2020-09-14,0.6712
2020-09-15,0.6714
2020-09-16,0.6755
2020-09-17,0.6728
2020-09-18,0.6778
2020-09-21,0.6663
2020-09-22,0.6636
2020-09-23,0.6567
2020-09-24,0.6542
2020-09-25,0.6541
2020-09-28,0.6553
2020-09-29,0.6582
2020-09-30,0.6608
2020-10-01,0.6649
2020-10-02,0.6622
2020-10-05,0.6641
2020-10-06,0.6633
2020-10-07,0.6593
2020-10-08,0.6576
2020-10-09,0.6666
2020-10-12,
2020-10-13,0.6648
2020-10-14,0.6668
2020-10-15,0.6587
2020-10-16,0.6608
2020-10-19,0.6631
2020-10-20,0.6586
2020-10-21,0.6665
2020-10-22,0.6675
2020-10-23,0.6677
2020-10-26,0.6682
2020-10-27,0.6718
2020-10-28,0.6660
2020-10-29,0.6601
2020-10-30,0.6610
2020-11-02,0.6627
2020-11-03,0.6705
2020-11-04,0.6701
2020-11-05,0.6761
2020-11-06,0.6783
2020-11-09,0.6807
2020-11-10,0.6818
2020-11-11,
2020-11-12,0.6875
2020-11-13,0.6839
2020-11-16,0.6899
2020-11-17,0.6889
2020-11-18,0.6938
2020-11-19,0.6900
2020-11-20,0.6949
2020-11-23,0.6912
2020-11-24,0.6973
2020-11-25,0.7007
2020-11-26,
2020-11-27,
2020-11-30,0.7017
2020-12-01,0.7057
2020-12-02,0.7058
2020-12-03,0.7083
2020-12-04,0.7046
2020-12-07,0.7059
2020-12-08,0.7046
2020-12-09,0.7041
2020-12-10,0.7076
2020-12-11,0.7085
2020-12-14,0.7080
2020-12-15,0.7088
2020-12-16,0.7079
2020-12-17,0.7149
2020-12-18,0.7124
2020-12-21,0.7088
2020-12-22,0.7041
2020-12-23,0.7100
2020-12-24,
2020-12-25,
2020-12-28,0.7093
2020-12-29,0.7162
2020-12-30,0.7207
2020-12-31,0.7194
2021-01-01,
2021-01-04,0.7164
2021-01-05,0.7242
2021-01-06,0.7281
2021-01-07,0.7249
2021-01-08,0.7252
2021-01-11,0.7187
2021-01-12,0.7187
2021-01-13,0.7188
2021-01-14,0.7226
2021-01-15,0.7159
2021-01-18,
2021-01-19,0.7116
2021-01-20,
2021-01-21,0.7190
2021-01-22,0.7188
2021-01-25,0.7192
2021-01-26,0.7230
2021-01-27,0.7179
2021-01-28,0.7173
2021-01-29,0.7200
2021-02-01,0.7164
2021-02-02,0.7153
2021-02-03,0.7199
2021-02-04,0.7160
2021-02-05,0.7193
2021-02-08,0.7223
2021-02-09,0.7231
2021-02-10,0.7220
2021-02-11,0.7232
2021-02-12,0.7227
2021-02-15,
2021-02-16,0.7210
2021-02-17,0.7178
2021-02-18,0.7202
2021-02-19,0.7312
2021-02-22,0.7333
2021-02-23,0.7329
2021-02-24,0.7404
2021-02-25,0.7429
2021-02-26,0.7249
2021-03-01,0.7273
2021-03-02,0.7291
2021-03-03,0.7262
2021-03-04,0.7266
2021-03-05,0.7148
2021-03-08,0.7125
2021-03-09,0.7155
2021-03-10,0.7178
2021-03-11,0.7215
2021-03-12,0.7186
2021-03-15,0.7182
2021-03-16,0.7191
2021-03-17,0.7161
2021-03-18,0.7194
2021-03-19,0.7166
2021-03-22,0.7179
2021-03-23,0.7033
2021-03-24,0.6984
2021-03-25,0.6950
2021-03-26,0.6997
2021-03-29,0.7015
2021-03-30,0.6988
2021-03-31,0.6989
2021-04-01,0.7013
2021-04-02,0.7023
2021-04-05,0.7068
2021-04-06,0.7046
2021-04-07,0.7024
2021-04-08,0.7046
2021-04-09,0.7047
2021-04-12,0.7029
2021-04-13,0.7039
2021-04-14,0.7148
2021-04-15,0.7166
2021-04-16,0.7137
2021-04-19,0.7175
2021-04-20,0.7186
2021-04-21,0.7214
2021-04-22,0.7167
2021-04-23,0.7179
2021-04-26,0.7232
2021-04-27,0.7213
2021-04-28,0.7242
2021-04-29,0.7231
2021-04-30,0.7169
2021-05-03,0.7197
2021-05-04,0.7128
2021-05-05,0.7211
2021-05-06,0.7221
2021-05-07,0.7296
2021-05-10,0.7305
2021-05-11,0.7275
2021-05-12,0.7166
2021-05-13,0.7180
2021-05-14,0.7244
2021-05-17,0.7212
2021-05-18,0.7239
2021-05-19,0.7187
2021-05-20,0.7212
2021-05-21,0.7165
2021-05-24,0.7205
2021-05-25,0.7216
2021-05-26,0.7292
2021-05-27,0.7291
2021-05-28,0.7252
2021-05-31,
2021-06-01,0.7257
2021-06-02,0.7245
2021-06-03,0.7144
2021-06-04,0.7204
2021-06-07,0.7242
2021-06-08,0.7196
2021-06-09,0.7175
2021-06-10,0.7199
2021-06-11,0.7125
2021-06-14,0.7146
2021-06-15,0.7110
2021-06-16,0.7145
2021-06-17,0.7004
2021-06-18,0.6939
2021-06-21,0.6988
2021-06-22,0.7002
2021-06-23,0.7059
2021-06-24,0.7050
2021-06-25,0.7075
2021-06-28,0.7054
2021-06-29,0.6995
2021-06-30,0.6978
2021-07-01,0.6980
2021-07-02,0.7007
2021-07-05,
2021-07-06,0.7009
2021-07-07,0.7013
2021-07-08,0.6952
2021-07-09,0.6984
2021-07-12,0.6986
2021-07-13,0.6972
2021-07-14,0.7026
2021-07-15,0.6994
2021-07-16,0.7011
2021-07-19,0.6944
2021-07-20,0.6914
2021-07-21,0.6970
2021-07-22,0.6957
2021-07-23,0.6975
2021-07-26,0.7004
2021-07-27,0.6964
2021-07-28,0.6933
2021-07-29,0.7015
2021-07-30,0.6982
2021-08-02,0.6973
2021-08-03,0.7006
2021-08-04,0.7047
2021-08-05,0.7063
2021-08-06,0.7013
2021-08-09,0.7001
2021-08-10,0.7005
2021-08-11,0.7047
2021-08-12,0.7008
2021-08-13,0.7045
2021-08-16,0.7025
2021-08-17,0.6912
2021-08-18,0.6890
2021-08-19,0.6853
2021-08-20,0.6830
2021-08-23,0.6894
2021-08-24,0.6946
2021-08-25,0.6964
2021-08-26,0.6957
2021-08-27,0.7012
2021-08-30,0.7002
2021-08-31,0.7042
2021-09-01,0.7068
2021-09-02,0.7110
2021-09-03,0.7147
2021-09-06,
2021-09-07,0.7107
2021-09-08,0.7095
2021-09-09,0.7126
2021-09-10,0.7126
2021-09-13,0.7117
2021-09-14,0.7111
2021-09-15,0.7105
2021-09-16,0.7072
2021-09-17,0.7043
2021-09-20,0.7025
2021-09-21,0.7013
2021-09-22,0.7031
2021-09-23,0.7074
2021-09-24,0.7013
2021-09-27,0.7010
2021-09-28,0.6956
2021-09-29,0.6871
2021-09-30,0.6899
2021-10-01,0.6943
2021-10-04,0.6964
2021-10-05,0.6969
2021-10-06,0.6913
2021-10-07,0.6939
2021-10-08,0.6932
2021-10-11,
2021-10-12,0.6946
2021-10-13,0.6956
2021-10-14,0.7028
2021-10-15,0.7071
2021-10-18,0.7081
2021-10-19,0.7163
2021-10-20,0.7201
2021-10-21,0.7172
2021-10-22,0.7140
2021-10-25,0.7166
2021-10-26,0.7155
2021-10-27,0.7176
2021-10-28,0.7208
2021-10-29,0.7158
2021-11-01,0.7195
2021-11-02,0.7104
2021-11-03,0.7137
2021-11-04,0.7110
2021-11-05,0.7123
2021-11-08,0.7173
2021-11-09,0.7123
2021-11-10,0.7087
2021-11-11,
2021-11-12,0.7040
2021-11-15,0.7059
2021-11-16,0.6993
2021-11-17,0.7001
2021-11-18,0.7031
2021-11-19,0.7017
2021-11-22,0.6966
2021-11-23,0.6946
2021-11-24,0.6868
2021-11-25,
2021-11-26,0.6825
2021-11-29,0.6790
2021-11-30,0.6795
2021-12-01,0.6839
2021-12-02,0.6815
2021-12-03,0.6753
2021-12-06,0.6748
2021-12-07,0.6777
2021-12-08,0.6807
2021-12-09,0.6783
2021-12-10,0.6798
2021-12-13,0.6755
2021-12-14,0.6746
2021-12-15,0.6735
2021-12-16,0.6810
2021-12-17,0.6755
2021-12-20,0.6719
2021-12-21,0.6756
2021-12-22,0.6817
2021-12-23,0.6826
2021-12-24,
2021-12-27,0.6811
2021-12-28,0.6800
2021-12-29,0.6826
2021-12-30,0.6839
2021-12-31,
2022-01-03,0.6787
2022-01-04,0.6808
2022-01-05,0.6826
2022-01-06,0.6748
2022-01-07,0.6779
2022-01-10,0.6754
2022-01-11,0.6774
2022-01-12,0.6846
2022-01-13,0.6880
2022-01-14,0.6810
2022-01-17,
2022-01-18,0.6770
2022-01-19,0.6794
2022-01-20,0.6793
2022-01-21,0.6727
2022-01-24,0.6669
2022-01-25,0.6670
2022-01-26,0.6688
2022-01-27,0.6589
2022-01-28,0.6555
2022-01-31,0.6579
2022-02-01,0.6620
2022-02-02,0.6627
2022-02-03,0.6663
2022-02-04,0.6602
2022-02-07,0.6620
2022-02-08,0.6641
2022-02-09,0.6688
2022-02-10,0.6729
2022-02-11,0.6682
2022-02-14,0.6613
2022-02-15,0.6642
2022-02-16,0.6670
2022-02-17,0.6699
2022-02-18,0.6694
2022-02-21,
2022-02-22,0.6750
2022-02-23,0.6782
2022-02-24,0.6653
2022-02-25,0.6739
2022-02-28,0.6774
2022-03-01,0.6757
2022-03-02,0.6779
2022-03-03,0.6785
2022-03-04,0.6849
2022-03-07,0.6825
2022-03-08,0.6813
2022-03-09,0.6848
2022-03-10,0.6866
2022-03-11,0.6818
2022-03-14,0.6783
2022-03-15,0.6767
2022-03-16,0.6807
2022-03-17,0.6893
2022-03-18,0.6899
2022-03-21,0.6903
2022-03-22,0.6945
2022-03-23,0.6972
2022-03-24,0.6960
2022-03-25,0.6950
2022-03-28,0.6896
2022-03-29,0.6924
2022-03-30,0.6977
2022-03-31,0.6946
2022-04-01,0.6912
2022-04-04,0.6964
2022-04-05,0.6968
2022-04-06,0.6933
2022-04-07,0.6888
2022-04-08,0.6852
2022-04-11,0.6826
2022-04-12,0.6881
2022-04-13,0.6785
2022-04-14,0.6774
2022-04-15,0.6776
2022-04-18,0.6724
2022-04-19,0.6726
2022-04-20,0.6810
2022-04-21,0.6738
2022-04-22,0.6637
2022-04-25,0.6597
2022-04-26,0.6583
2022-04-27,0.6538
2022-04-28,0.6475
2022-04-29,0.6476
2022-05-02,0.6433
2022-05-03,0.6440
2022-05-04,0.6447
2022-05-05,0.6405
2022-05-06,0.6427
2022-05-09,0.6347
2022-05-10,0.6286
2022-05-11,0.6339
2022-05-12,0.6237
2022-05-13,0.6261
2022-05-16,0.6284
2022-05-17,0.6352
2022-05-18,0.6333
2022-05-19,0.6400
2022-05-20,0.6388
2022-05-23,0.6462
2022-05-24,0.6443
2022-05-25,0.6459
2022-05-26,0.6462
2022-05-27,0.6535
2022-05-30,
2022-05-31,0.6520
2022-06-01,0.6471
2022-06-02,0.6550
2022-06-03,0.6505
2022-06-06,0.6499
2022-06-07,0.6475
2022-06-08,0.6470
2022-06-09,0.6405
2022-06-10,0.6363
2022-06-13,0.6276
2022-06-14,0.6221
2022-06-15,0.6241
2022-06-16,0.6338
2022-06-17,0.6291
2022-06-20,
2022-06-21,0.6345
2022-06-22,0.6293
2022-06-23,0.6281
2022-06-24,0.6319
2022-06-27,0.6318
2022-06-28,0.6254
2022-06-29,0.6224
2022-06-30,0.6245
2022-07-01,0.6187
2022-07-04,
2022-07-05,0.6142
2022-07-06,0.6140
2022-07-07,0.6170
2022-07-08,0.6196
2022-07-11,0.6136
2022-07-12,0.6140
2022-07-13,0.6156
2022-07-14,0.6124
2022-07-15,0.6158
2022-07-18,0.6172
2022-07-19,0.6228
2022-07-20,0.6238
2022-07-21,0.6216
2022-07-22,0.6273
2022-07-25,0.6259
2022-07-26,0.6235
2022-07-27,0.6199
2022-07-28,0.6277
2022-07-29,0.6279
2022-08-01,0.6346
2022-08-02,0.6281
2022-08-03,0.6250
2022-08-04,0.6297
2022-08-05,0.6239
2022-08-08,0.6289
2022-08-09,0.6287
2022-08-10,0.6427
2022-08-11,0.6444
2022-08-12,0.6437
2022-08-15,0.6382
2022-08-16,0.6337
2022-08-17,0.6262
2022-08-18,0.6268
2022-08-19,0.6177
2022-08-22,0.6164
2022-08-23,0.6227
2022-08-24,0.6190
2022-08-25,0.6215
2022-08-26,0.6161
2022-08-29,0.6161
2022-08-30,0.6139
2022-08-31,0.6136
2022-09-01,0.6069
2022-09-02,0.6135
2022-09-05,
2022-09-06,0.6052
2022-09-07,0.6035
2022-09-08,0.6047
2022-09-09,0.6114
2022-09-12,0.6151
2022-09-13,0.6013
2022-09-14,0.6013
2022-09-15,0.5975
2022-09-16,0.5978
2022-09-19,0.5936
2022-09-20,0.5909
2022-09-21,0.5884
2022-09-22,0.5844
2022-09-23,0.5763
2022-09-26,0.5666
2022-09-27,0.5649
2022-09-28,0.5703
2022-09-29,0.5707
2022-09-30,0.5642
2022-10-03,0.5709
2022-10-04,0.5740
2022-10-05,0.5704
2022-10-06,0.5659
2022-10-07,0.5628
2022-10-10,
2022-10-11,0.5642
2022-10-12,0.5607
2022-10-13,0.5621
2022-10-14,0.5568
2022-10-17,0.5646
2022-10-18,0.5663
2022-10-19,0.5668
2022-10-20,0.5722
2022-10-21,0.5754
2022-10-24,0.5691
2022-10-25,0.5762
2022-10-26,0.5834
2022-10-27,0.5845
2022-10-28,0.5792
2022-10-31,0.5810
2022-11-01,0.5842
2022-11-02,0.5863
2022-11-03,0.5779
2022-11-04,0.5890
2022-11-07,0.5920
2022-11-08,0.5996
2022-11-09,0.5899
2022-11-10,0.6010
2022-11-11,
2022-11-14,0.6097
2022-11-15,0.6174
2022-11-16,0.6145
2022-11-17,0.6100
2022-11-18,0.6160
2022-11-21,0.6093
2022-11-22,0.6140
2022-11-23,0.6221
2022-11-24,
2022-11-25,0.6244
2022-11-28,0.6204
2022-11-29,0.6200
2022-11-30,0.6234
2022-12-01,0.6372
2022-12-02,0.6398
2022-12-05,0.6307
2022-12-06,0.6327
2022-12-07,0.6366
2022-12-08,0.6376
2022-12-09,0.6424
2022-12-12,0.6377
2022-12-13,0.6479
2022-12-14,0.6450
2022-12-15,0.6342
2022-12-16,0.6370
2022-12-19,0.6372
2022-12-20,0.6332
2022-12-21,0.6286
2022-12-22,0.6253
2022-12-23,0.6293
2022-12-26,
2022-12-27,0.6284
2022-12-28,0.6308
2022-12-29,0.6351
2022-12-30,0.6342
2023-01-02,
2023-01-03,0.6247
2023-01-04,0.6314
2023-01-05,0.6224
2023-01-06,0.6334
2023-01-09,0.6401
2023-01-10,0.6362
2023-01-11,0.6347
2023-01-12,0.6377
2023-01-13,0.6361
2023-01-16,
2023-01-17,0.6425
2023-01-18,0.6460
2023-01-19,0.6375
2023-01-20,0.6457
2023-01-23,0.6477
2023-01-24,0.6501
2023-01-25,0.6463
2023-01-26,0.6471
2023-01-27,0.6483
2023-01-30,0.6486
2023-01-31,0.6466
2023-02-01,0.6435
2023-02-02,0.6493
2023-02-03,0.6344
2023-02-06,0.6284
2023-02-07,0.6305
2023-02-08,0.6312
2023-02-09,0.6352
2023-02-10,0.6308
2023-02-13,0.6359
2023-02-14,0.6324
2023-02-15,0.6276
2023-02-16,0.6267
2023-02-17,0.6235
2023-02-20,
2023-02-21,0.6214
2023-02-22,0.6234
2023-02-23,0.6208
2023-02-24,0.6166
2023-02-27,0.6164
2023-02-28,0.6194
2023-03-01,0.6262
2023-03-02,0.6210
2023-03-03,0.6210
2023-03-06,0.6193
2023-03-07,0.6127
2023-03-08,0.6111
2023-03-09,0.6130
2023-03-10,0.6147
2023-03-13,0.6240
2023-03-14,0.6224
2023-03-15,0.6182
2023-03-16,0.6172
2023-03-17,0.6249
2023-03-20,0.6246
2023-03-21,0.6171
2023-03-22,0.6221
2023-03-23,0.6284
2023-03-24,0.6207
2023-03-27,0.6189
2023-03-28,0.6250
2023-03-29,0.6222
2023-03-30,0.6252
2023-03-31,0.6271
2023-04-03,0.6289
2023-04-04,0.6304
2023-04-05,0.6330
2023-04-06,0.6252
2023-04-07,0.6246
2023-04-10,0.6202
2023-04-11,0.6194
2023-04-12,0.6213
2023-04-13,0.6307
2023-04-14,0.6208
2023-04-17,0.6174
2023-04-18,0.6204
2023-04-19,0.6206
2023-04-20,0.6191
2023-04-21,0.6138
2023-04-24,0.6142
2023-04-25,0.6144
2023-04-26,0.6135
2023-04-27,0.6133
2023-04-28,0.6187
2023-05-01,0.6171
2023-05-02,0.6208
2023-05-03,0.6238
2023-05-04,0.6282
2023-05-05,0.6299
2023-05-08,0.6350
2023-05-09,0.6321
2023-05-10,0.6354
2023-05-11,0.6296
2023-05-12,0.6193
2023-05-15,0.6226
2023-05-16,0.6237
2023-05-17,0.6250
2023-05-18,0.6219
2023-05-19,0.6288
2023-05-22,0.6275
2023-05-23,0.6260
2023-05-24,0.6108
2023-05-25,0.6051
2023-05-26,0.6046
2023-05-29,
2023-05-30,0.6045
2023-05-31,0.5995
2023-06-01,0.6076
2023-06-02,0.6072
2023-06-05,0.6084
2023-06-06,0.6080
2023-06-07,0.6049
2023-06-08,0.6094
2023-06-09,0.6127
2023-06-12,0.6117
2023-06-13,0.6148
2023-06-14,0.6235
2023-06-15,0.6228
2023-06-16,0.6222
2023-06-19,
2023-06-20,0.6151
2023-06-21,0.6189
2023-06-22,0.6188
2023-06-23,0.6149
2023-06-26,0.6170
2023-06-27,0.6168
2023-06-28,0.6089
2023-06-29,0.6075
2023-06-30,0.6133
2023-07-03,0.6155
2023-07-04,
2023-07-05,0.6185
2023-07-06,0.6152
2023-07-07,0.6210
2023-07-10,0.6208
2023-07-11,0.6181
2023-07-12,0.6294
2023-07-13,0.6373
2023-07-14,0.6376
2023-07-17,0.6335
2023-07-18,0.6292
2023-07-19,0.6244
2023-07-20,0.6224
2023-07-21,0.6178
2023-07-24,0.6211
2023-07-25,0.6224
2023-07-26,0.6210
2023-07-27,0.6209
2023-07-28,0.6167
2023-07-31,0.6220
2023-08-01,0.6142
2023-08-02,0.6084
2023-08-03,0.6087
2023-08-04,0.6127
2023-08-07,0.6097
2023-08-08,0.6047
2023-08-09,0.6048
2023-08-10,0.6062
2023-08-11,0.5983
2023-08-14,0.5985
2023-08-15,0.5977
2023-08-16,0.5950
2023-08-17,0.5934
2023-08-18,0.5942
2023-08-21,0.5905
2023-08-22,0.5948
2023-08-23,0.5974
2023-08-24,0.5925
2023-08-25,0.5900
2023-08-28,0.5912
2023-08-29,0.5949
2023-08-30,0.5984
2023-08-31,0.5948
2023-09-01,0.5940
2023-09-04,
2023-09-05,0.5883
2023-09-06,0.5875
2023-09-07,0.5884
2023-09-08,0.5898
2023-09-11,0.5921
2023-09-12,0.5905
2023-09-13,0.5918
2023-09-14,0.5917
2023-09-15,0.5909
2023-09-18,0.5920
2023-09-19,0.5932
2023-09-20,0.5977
2023-09-21,0.5934
2023-09-22,0.5975
2023-09-25,0.5966
2023-09-26,0.5954
2023-09-27,0.5927
2023-09-28,0.5973
2023-09-29,0.6013
2023-10-02,0.5957
2023-10-03,0.5895
2023-10-04,0.5922
2023-10-05,0.5948
2023-10-06,0.5996
2023-10-09,
2023-10-10,0.6044
2023-10-11,0.6023
2023-10-12,0.5944
2023-10-13,0.5893
2023-10-16,0.5924
2023-10-17,0.5907
2023-10-18,0.5859
2023-10-19,0.5839
2023-10-20,0.5830
2023-10-23,0.5843
2023-10-24,0.5835
2023-10-25,0.5825
2023-10-26,0.5816
2023-10-27,0.5824
2023-10-30,0.5837
2023-10-31,0.5816
2023-11-01,0.5830
2023-11-02,0.5885
2023-11-03,0.5990
2023-11-06,0.5980
2023-11-07,0.5932
2023-11-08,0.5929
2023-11-09,0.5947
2023-11-10,
2023-11-13,0.5892
2023-11-14,0.5987
2023-11-15,0.6031
2023-11-16,0.5978
2023-11-17,0.5971
2023-11-20,0.6029
2023-11-21,0.6063
2023-11-22,0.6014
2023-11-23,
2023-11-24,0.6083
2023-11-27,0.6090
2023-11-28,0.6148
2023-11-29,0.6149
2023-11-30,0.6166
2023-12-01,0.6198
2023-12-04,0.6170
2023-12-05,0.6133
2023-12-06,0.6157
2023-12-07,0.6173
2023-12-08,0.6118
2023-12-11,0.6120
2023-12-12,0.6131
2023-12-13,0.6124
2023-12-14,0.6222
2023-12-15,0.6221
2023-12-18,0.6207
2023-12-19,0.6269
2023-12-20,0.6283
2023-12-21,0.6284
2023-12-22,0.6297
2023-12-25,
2023-12-26,0.6322
2023-12-27,0.6343
2023-12-28,0.6346
2023-12-29,0.6340
2024-01-01,
2024-01-02,0.6263
2024-01-03,0.6235
2024-01-04,0.6233
2024-01-05,0.6255
2024-01-08,0.6250
2024-01-09,0.6242
2024-01-10,0.6224
2024-01-11,0.6211
2024-01-12,0.6247
2024-01-15,
2024-01-16,0.6147
2024-01-17,0.6104
2024-01-18,0.6107
2024-01-19,0.6101
2024-01-22,0.6103
2024-01-23,0.6071
2024-01-24,0.6128
2024-01-25,0.6116
2024-01-26,0.6103
2024-01-29,0.6110
2024-01-30,0.6129
2024-01-31,0.6147
2024-02-01,0.6135
2024-02-02,0.6066
2024-02-05,0.6048
2024-02-06,0.6073
2024-02-07,0.6111
2024-02-08,0.6092
2024-02-09,0.6141
2024-02-12,0.6138
2024-02-13,0.6062
2024-02-14,0.6090
2024-02-15,0.6104
2024-02-16,0.6119
2024-02-19,
2024-02-20,0.6177
2024-02-21,0.6175
2024-02-22,0.6188
2024-02-23,0.6198
2024-02-26,0.6176
2024-02-27,0.6173
2024-02-28,0.6093
2024-02-29,0.6092
2024-03-01,0.6106
2024-03-04,0.6100
2024-03-05,0.6091
2024-03-06,0.6142
2024-03-07,0.6173
2024-03-08,0.6180
2024-03-11,0.6171
2024-03-12,0.6151
2024-03-13,0.6159
2024-03-14,0.6133
2024-03-15,0.6091
2024-03-18,0.6085
2024-03-19,0.6050
2024-03-20,0.6037
2024-03-21,0.6046
2024-03-22,0.5998
2024-03-25,0.6004
2024-03-26,0.6010
2024-03-27,0.6002
2024-03-28,0.5984
2024-03-29,0.5987
2024-04-01,0.5944
2024-04-02,0.5968
2024-04-03,0.6000
2024-04-04,0.6042
2024-04-05,0.6020
2024-04-08,0.6032
2024-04-09,0.6057
2024-04-10,0.5979
2024-04-11,0.5983
2024-04-12,0.5950
2024-04-15,0.5928
2024-04-16,0.5888
2024-04-17,0.5902
2024-04-18,0.5919
2024-04-19,0.5895
2024-04-22,0.5909
2024-04-23,0.5935
2024-04-24,0.5924
2024-04-25,0.5942
2024-04-26,0.5940
2024-04-29,0.5974
2024-04-30,0.5912
2024-05-01,0.5903
2024-05-02,0.5943
2024-05-03,0.6021
2024-05-06,0.6013
2024-05-07,0.6012
2024-05-08,0.6004
2024-05-09,0.6020
2024-05-10,0.6020
2024-05-13,0.6019
2024-05-14,0.6034
2024-05-15,0.6104
2024-05-16,0.6124
2024-05-17,0.6132
2024-05-20,0.6114
2024-05-21,0.6097
2024-05-22,0.6105
2024-05-23,0.6115
2024-05-24,0.6121
2024-05-27,
2024-05-28,0.6157
2024-05-29,0.6118
2024-05-30,0.6128
2024-05-31,0.6137
2024-06-03,0.6183
2024-06-04,0.6175
2024-06-05,0.6186
2024-06-06,0.6197
2024-06-07,0.6113
2024-06-10,0.6126
2024-06-11,0.6132
2024-06-12,0.6219
2024-06-13,0.6174
2024-06-14,0.6142
2024-06-17,0.6118
2024-06-18,0.6139
2024-06-19,
2024-06-20,0.6120
2024-06-21,0.6120
2024-06-24,0.6126
2024-06-25,0.6115
2024-06-26,0.6078
2024-06-27,0.6089
2024-06-28,0.6096
2024-07-01,0.6072
2024-07-02,0.6072
2024-07-03,0.6114
2024-07-04,
2024-07-05,0.6138
2024-07-08,0.6134
2024-07-09,0.6123
2024-07-10,0.6083
2024-07-11,0.6113
2024-07-12,0.6122
2024-07-15,0.6094
2024-07-16,0.6044
2024-07-17,0.6073
2024-07-18,0.6067
2024-07-19,0.6019
2024-07-22,0.5977
2024-07-23,0.5961
2024-07-24,0.5948
2024-07-25,0.5903
2024-07-26,0.5895
2024-07-29,0.5872
2024-07-30,0.5897
2024-07-31,0.5947
2024-08-01,0.5962
2024-08-02,0.5972
2024-08-05,0.5930
2024-08-06,0.5951
2024-08-07,0.6015
2024-08-08,0.6002
2024-08-09,0.6012
2024-08-12,0.6021
2024-08-13,0.6059
2024-08-14,0.6021
2024-08-15,0.6006
2024-08-16,0.6035
2024-08-19,0.6093
2024-08-20,0.6144
2024-08-21,0.6161
2024-08-22,0.6140
2024-08-23,0.6212
2024-08-26,0.6204
2024-08-27,0.6237
2024-08-28,0.6242
2024-08-29,0.6268
2024-08-30,0.6242
2024-09-02,
2024-09-03,0.6189
2024-09-04,0.6199
2024-09-05,0.6213
2024-09-06,0.6178
2024-09-09,0.6150
2024-09-10,0.6155
2024-09-11,0.6121
2024-09-12,0.6152
2024-09-13,0.6166
2024-09-16,0.6185
2024-09-17,0.6183
2024-09-18,0.6203
2024-09-19,0.6241
2024-09-20,0.6234
2024-09-23,0.6271
2024-09-24,0.6321
2024-09-25,0.6279
2024-09-26,0.6327
2024-09-27,0.6342
2024-09-30,0.6363
2024-10-01,0.6284
2024-10-02,0.6277
2024-10-03,0.6216
2024-10-04,0.6156
2024-10-07,0.6123
2024-10-08,0.6124
2024-10-09,0.6065
2024-10-10,0.6086
2024-10-11,0.6111
2024-10-14,
2024-10-15,0.6086
2024-10-16,0.6058
2024-10-17,0.6063
2024-10-18,0.6065
2024-10-21,0.6033
2024-10-22,0.6044
2024-10-23,0.6007
2024-10-24,0.6008
2024-10-25,0.5994
2024-10-28,0.5980
2024-10-29,0.5961
2024-10-30,0.5986
2024-10-31,0.5951
2024-11-01,0.5980
2024-11-04,0.5978
2024-11-05,0.5999
2024-11-06,0.5946
2024-11-07,0.6020
2024-11-08,0.5961
2024-11-11,
2024-11-12,0.5917
2024-11-13,0.5886
2024-11-14,0.5872
2024-11-15,0.5862
2024-11-18,0.5883
2024-11-19,0.5907
2024-11-20,0.5872
2024-11-21,0.5853
2024-11-22,0.5827
2024-11-25,0.5841
2024-11-26,0.5826
2024-11-27,0.5902
2024-11-28,
2024-11-29,0.5913
2024-12-02,0.5877
2024-12-03,0.5883
2024-12-04,0.5864
2024-12-05,0.5870
2024-12-06,0.5832
2024-12-09,0.5881
2024-12-10,0.5802
2024-12-11,0.5797
2024-12-12,0.5790
2024-12-13,0.5761
2024-12-16,0.5781
2024-12-17,0.5759
2024-12-18,0.5719
2024-12-19,0.5644
2024-12-20,0.5664
2024-12-23,0.5649
2024-12-24,0.5639
2024-12-25,
2024-12-26,0.5632
2024-12-27,0.5631
2024-12-30,0.5640
2024-12-31,0.5596
2025-01-01,
2025-01-02,0.5601
2025-01-03,0.5604
2025-01-06,0.5646
2025-01-07,0.5643
2025-01-08,0.5613
2025-01-09,0.5598
2025-01-10,0.5556
2025-01-13,0.5556
2025-01-14,0.5596
2025-01-15,0.5613
2025-01-16,0.5618
2025-01-17,0.5596
2025-01-20,
2025-01-21,0.5667
2025-01-22,0.5669
2025-01-23,0.5677
2025-01-24,0.5720
2025-01-27,0.5682
2025-01-28,0.5663
2025-01-29,0.5654
2025-01-30,0.5654
2025-01-31,0.5668
2025-02-03,0.5589
2025-02-04,0.5650
2025-02-05,0.5697
2025-02-06,0.5670
2025-02-07,0.5652
2025-02-10,0.5651
2025-02-11,0.5657
2025-02-12,0.5641
2025-02-13,0.5652
2025-02-14,0.5734
2025-02-17,
2025-02-18,0.5705
2025-02-19,0.5701
2025-02-20,0.5756
2025-02-21,0.5751
2025-02-24,0.5746
2025-02-25,0.5716
2025-02-26,0.5711
2025-02-27,0.5647
2025-02-28,0.5602
2025-03-03,0.5635
2025-03-04,0.5621
2025-03-05,0.5707
2025-03-06,0.5749
2025-03-07,0.5710
2025-03-10,0.5725
2025-03-11,0.5710
2025-03-12,0.5723
2025-03-13,0.5709
2025-03-14,0.5741
2025-03-17,0.5811
2025-03-18,0.5810
2025-03-19,0.5783
2025-03-20,0.5751
2025-03-21,0.5731
2025-03-24,0.5719
2025-03-25,0.5738
2025-03-26,0.5743
2025-03-27,0.5748
2025-03-28,0.5730
2025-03-31,0.5666
2025-04-01,0.5704
2025-04-02,0.5741
2025-04-03,0.5815
2025-04-04,0.5593
2025-04-07,0.5536
2025-04-08,0.5577
2025-04-09,0.5561
2025-04-10,0.5722
2025-04-11,0.5796
2025-04-14,0.5867
2025-04-15,0.5916
2025-04-16,0.5929
2025-04-17,0.5971
2025-04-18,0.5933
2025-04-21,0.6001
2025-04-22,0.5994
2025-04-23,0.5965
2025-04-24,0.5987
2025-04-25,0.5969
2025-04-28,0.5965
2025-04-29,0.5940
2025-04-30,0.5933
2025-05-01,0.5901
2025-05-02,0.5955
2025-05-05,0.5974
2025-05-06,0.6004
2025-05-07,0.5977
2025-05-08,0.5922
2025-05-09,0.5920
2025-05-12,0.5864
2025-05-13,0.5938
2025-05-14,0.5918
2025-05-15,0.5873
2025-05-16,0.5872
2025-05-19,0.5926
2025-05-20,0.5909
2025-05-21,0.5965
2025-05-22,0.5907
2025-05-23,0.5977
2025-05-26,
2025-05-27,0.5944
2025-05-28,0.5952
2025-05-29,0.5980
2025-05-30,0.5972
2025-06-02,0.6035
2025-06-03,0.5999
2025-06-04,0.6032
2025-06-05,0.6045
2025-06-06,0.6020
2025-06-09,0.6056
2025-06-10,0.6045
2025-06-11,0.6047
2025-06-12,0.6063
2025-06-13,0.6035
2025-06-16,0.6072
2025-06-17,0.6056
2025-06-18,0.6046
2025-06-19,
2025-06-20,0.5969
2025-06-23,0.5940
2025-06-24,0.6016
2025-06-25,0.6020
2025-06-26,0.6069
2025-06-27,0.6062
2025-06-30,0.6092
2025-07-01,0.6087
2025-07-02,0.6077
2025-07-03,0.6068
2025-07-04,
2025-07-07,0.6014
2025-07-08,0.5994
2025-07-09,0.5992
2025-07-10,0.6019
2025-07-11,0.6011
2025-07-14,0.5974
2025-07-15,0.5951
2025-07-16,0.5939
2025-07-17,0.5930
2025-07-18,0.5977
2025-07-21,0.5979
2025-07-22,0.6001
2025-07-23,0.6039
2025-07-24,0.6041
2025-07-25,0.6006
2025-07-28,0.5973
2025-07-29,0.5955
2025-07-30,0.5912
2025-07-31,0.5894
2025-08-01,0.5912
2025-08-04,0.5907
2025-08-05,0.5901
2025-08-06,0.5939
2025-08-07,0.5944
2025-08-08,0.5956
2025-08-11,0.5936
2025-08-12,0.5957
2025-08-13,0.5978
2025-08-14,0.5916
2025-08-15,0.5930
2025-08-18,0.5925
2025-08-19,0.5901
2025-08-20,0.5822
2025-08-21,0.5818
2025-08-22,0.5862
2025-08-25,0.5867
2025-08-26,0.5865
2025-08-27,0.5848
2025-08-28,0.5885
2025-08-29,0.5901
2025-09-01,
2025-09-02,0.5864
2025-09-03,0.5881
2025-09-04,0.5838
2025-09-05,0.5910
2025-09-08,0.5941
2025-09-09,0.5931
2025-09-10,0.5954
2025-09-11,0.5973
2025-09-12,0.5948
2025-09-15,0.5972
2025-09-16,0.5980
2025-09-17,0.5972
2025-09-18,0.5878
2025-09-19,0.5859
2025-09-22,0.5863
2025-09-23,0.5858
2025-09-24,0.5815
2025-09-25,0.5777
2025-09-26,0.5769
2025-09-29,0.5786
2025-09-30,0.5799
2025-10-01,0.5811
2025-10-02,0.5813
2025-10-03,0.5840
2025-10-06,0.5838
2025-10-07,0.5806
2025-10-08,0.5779
2025-10-09,0.5745
2025-10-10,0.5733
2025-10-13,
2025-10-14,0.5719
2025-10-15,0.5724
2025-10-16,0.5732
2025-10-17,0.5722
2025-10-20,0.5751
2025-10-21,0.5747
2025-10-22,0.5753
2025-10-23,0.5751
2025-10-24,0.5748
2025-10-27,0.5763
2025-10-28,0.5780
2025-10-29,0.5798
2025-10-30,0.5747
2025-10-31,0.5728
2025-11-03,0.5709
2025-11-04,0.5666
2025-11-05,0.5664
2025-11-06,0.5631
2025-11-07,0.5617
2025-11-10,0.5633
2025-11-11,
2025-11-12,0.5663
2025-11-13,0.5678
2025-11-14,0.5685
2025-11-17,0.5674
2025-11-18,0.5661
2025-11-19,0.5603
2025-11-20,0.5597
2025-11-21,0.5609
2025-11-24,0.5607
2025-11-25,0.5609
2025-11-26,0.5694
2025-11-27,
2025-11-28,0.5737
2025-12-01,0.5737
2025-12-02,0.5727
2025-12-03,0.5769
2025-12-04,0.5775
2025-12-05,0.5771
2025-12-08,0.5771
2025-12-09,0.5793
2025-12-10,0.5788
2025-12-11,0.5819
2025-12-12,0.5793
2025-12-15,0.5795
2025-12-16,0.5794
2025-12-17,0.5776
2025-12-18,0.5781
2025-12-19,0.5760
2025-12-22,0.5798
2025-12-23,0.5832
2025-12-24,0.5837
2025-12-25,
2025-12-26,0.5830
2025-12-29,0.5807
2025-12-30,0.5804
2025-12-31,0.5755
2026-01-01,
2026-01-02,0.5767
2026-01-05,0.5789
2026-01-06,0.5779
2026-01-07,0.5780
2026-01-08,0.5750
2026-01-09,0.5731
2026-01-12,0.5764
2026-01-13,0.5746
2026-01-14,0.5750
2026-01-15,0.5743
2026-01-16,0.5751
2026-01-19,
2026-01-20,0.5848
2026-01-21,0.5849
2026-01-22,0.5902
2026-01-23,0.5929
2026-01-26,0.5989
2026-01-27,0.6018
2026-01-28,0.6032
2026-01-29,0.6053
2026-01-30,0.6048
2026-02-02,0.6010
2026-02-03,0.6050
2026-02-04,0.6005
2026-02-05,0.5990
2026-02-06,0.6020
2026-02-09,0.6048
2026-02-10,0.6046
2026-02-11,0.6057
2026-02-12,0.6047
2026-02-13,0.6036
2026-02-16,
2026-02-17,0.6029
2026-02-18,0.5986
2026-02-19,0.5968
2026-02-20,0.5974
2026-02-23,0.5966
2026-02-24,0.5973
2026-02-25,0.5992
2026-02-26,0.5974
2026-02-27,0.6000
2026-03-02,0.5930
2026-03-03,0.5885
2026-03-04,0.5934
2026-03-05,0.5892
2026-03-06,0.5902
2026-03-09,0.5918
2026-03-10,0.5956
2026-03-11,0.5909
2026-03-12,0.5869
2026-03-13,0.5804
2026-03-16,0.5847
2026-03-17,0.5858
2026-03-18,0.5840
2026-03-19,0.5832
2026-03-20,0.5840
2026-03-23,0.5843
2026-03-24,0.5818
2026-03-25,0.5815
2026-03-26,0.5779
2026-03-27,0.5759
2026-03-30,0.5715
2026-03-31,0.5710
2026-04-01,0.5770
2026-04-02,0.5727
2026-04-03,0.5695
2026-04-06,0.5719
2026-04-07,0.5704
2026-04-08,0.5836
2026-04-09,0.5870
2026-04-10,0.5842
2026-04-13,0.5843
2026-04-14,0.5907
2026-04-15,0.5908
2026-04-16,0.5896
2026-04-17,0.5910
2026-04-20,0.5892
2026-04-21,0.5905
2026-04-22,0.5910
2026-04-23,0.5879
2026-04-24,0.5881
2026-04-27,0.5918
2026-04-28,0.5890
2026-04-29,0.5837
2026-04-30,0.5892
2026-05-01,0.5918
2026-05-04,0.5873
2026-05-05,0.5903
2026-05-06,0.5956
2026-05-07,0.5962
2026-05-08,0.5960
2026-05-11,0.5969
2026-05-12,0.5944
2026-05-13,0.5937
2026-05-14,0.5923
2026-05-15,0.5841
2026-05-18,0.5868
2026-05-19,0.5832
2026-05-20,0.5870
2026-05-21,0.5857
2026-05-22,0.5855
2026-05-25,
2026-05-26,0.5835
2026-05-27,0.5894
2026-05-28,0.5927
2026-05-29,0.5992
2026-06-01,0.5931
2026-06-02,0.5933
2026-06-03,0.5871
2026-06-04,0.5879
2026-06-05,0.5809
